vehicle_id,lap_number,lap_time,tire_degradation_est,fuel_remaining_est,position_est,gap_to_avg,stint_number,track_conditions
GR86-002-2,2,1476.949,4,95,4,541.116,1,dry
GR86-002-2,1,394.717,0,100,4,-541.1160000000001,1,dry
GR86-004-78,19,249.7,72,10,4,79.98352631578948,2,dry
GR86-004-78,18,151.2,68,15,25,-18.516473684210524,2,dry
GR86-004-78,17,149.779,64,20,25,-19.937473684210516,2,dry
GR86-004-78,16,149.821,60,25,20,-19.895473684210515,2,dry
GR86-004-78,15,150.8,56,30,24,-18.9164736842105,2,dry
GR86-004-78,14,217.99,52,35,2,48.273526315789496,2,dry
GR86-004-78,13,209.546,48,40,5,39.82952631578948,2,dry
GR86-004-78,12,149.731,44,45,2,-19.98547368421052,1,dry
GR86-004-78,11,149.78,40,50,30,-19.93647368421051,1,dry
GR86-004-78,10,149.289,36,55,22,-20.427473684210526,1,dry
GR86-004-78,9,149.245,32,60,13,-20.47147368421051,1,dry
GR86-004-78,8,149.465,28,65,3,-20.25147368421051,1,dry
GR86-004-78,7,149.511,24,70,17,-20.205473684210517,1,dry
GR86-004-78,6,149.868,20,75,8,-19.848473684210518,1,dry
GR86-004-78,5,150.212,16,80,29,-19.504473684210524,1,dry
GR86-004-78,4,150.09,12,85,2,-19.62647368421051,1,dry
GR86-004-78,3,154.623,8,90,14,-15.093473684210522,1,dry
GR86-004-78,2,223.651,4,95,22,53.9345263157895,1,dry
GR86-004-78,1,220.312,0,100,29,50.5955263157895,1,dry
GR86-006-7,19,0.044,72,10,4,-112.85076666666666,2,dry
GR86-006-7,19,237.523,72,10,15,124.62823333333334,2,dry
GR86-006-7,19,0.089,72,10,18,-112.80576666666666,2,dry
GR86-006-7,18,150.567,68,15,8,37.67223333333335,2,dry
GR86-006-7,17,149.892,64,20,1,36.99723333333334,2,dry
GR86-006-7,16,149.932,60,25,7,37.03723333333333,2,dry
GR86-006-7,15,149.28,56,30,8,36.385233333333346,2,dry
GR86-006-7,14,222.493,52,35,8,109.59823333333334,2,dry
GR86-006-7,13,212.183,48,40,12,99.28823333333334,2,dry
GR86-006-7,12,149.119,44,45,3,36.224233333333345,1,dry
GR86-006-7,11,148.787,40,50,18,35.89223333333335,1,dry
GR86-006-7,10,148.889,36,55,1,35.994233333333355,1,dry
GR86-006-7,9,148.922,32,60,8,36.02723333333334,1,dry
GR86-006-7,8,148.695,28,65,9,35.80023333333334,1,dry
GR86-006-7,7,148.556,24,70,24,35.66123333333336,1,dry
GR86-006-7,7,0.178,24,70,7,-112.71676666666666,1,dry
GR86-006-7,6,0.044,20,75,13,-112.85076666666666,1,dry
GR86-006-7,6,149.088,20,75,18,36.19323333333334,1,dry
GR86-006-7,5,149.505,16,80,29,36.61023333333334,1,dry
GR86-006-7,4,149.906,12,85,11,37.01123333333335,1,dry
GR86-006-7,3,151.839,8,90,23,38.944233333333344,1,dry
GR86-006-7,2,223.523,4,95,24,110.62823333333334,1,dry
GR86-006-7,1,0.044,0,100,14,-112.85076666666666,1,dry
GR86-006-7,1,397.745,0,100,13,284.85023333333334,1,dry
GR86-010-16,19,248.418,72,10,5,87.09533333333334,2,dry
GR86-010-16,18,150.645,68,15,28,-10.677666666666653,2,dry
GR86-010-16,17,149.348,64,20,15,-11.97466666666665,2,dry
GR86-010-16,16,149.406,60,25,21,-11.916666666666657,2,dry
GR86-010-16,15,149.69,56,30,29,-11.632666666666665,2,dry
GR86-010-16,14,221.1,52,35,22,59.77733333333333,2,dry
GR86-010-16,13,212.794,48,40,25,51.47133333333335,2,dry
GR86-010-16,12,148.993,44,45,19,-12.329666666666668,1,dry
GR86-010-16,11,148.994,40,50,29,-12.328666666666663,1,dry
GR86-010-16,10,148.713,36,55,10,-12.60966666666667,1,dry
GR86-010-16,9,148.887,32,60,13,-12.435666666666663,1,dry
GR86-010-16,8,148.918,28,65,17,-12.404666666666657,1,dry
GR86-010-16,7,149.061,24,70,21,-12.261666666666656,1,dry
GR86-010-16,6,149.219,20,75,7,-12.103666666666669,1,dry
GR86-010-16,5,150.181,16,80,17,-11.141666666666652,1,dry
GR86-010-16,4,149.928,12,85,6,-11.394666666666666,1,dry
GR86-010-16,3,151.86,8,90,14,-9.46266666666665,1,dry
GR86-010-16,2,223.539,4,95,2,62.216333333333324,1,dry
GR86-010-16,1,388.082,0,100,28,226.75933333333333,1,dry
GR86-012-8,19,282.127,72,10,16,151.56056,2,dry
GR86-012-8,18,154.606,68,15,31,24.039559999999994,2,dry
GR86-012-8,17,153.694,64,20,6,23.12755999999999,2,dry
GR86-012-8,16,154.397,60,25,10,23.83055999999999,2,dry
GR86-012-8,15,159.368,56,30,11,28.801559999999995,2,dry
GR86-012-8,14,0.044,52,35,15,-130.52244,2,dry
GR86-012-8,14,207.295,52,35,17,76.72855999999999,2,dry
GR86-012-8,13,157.794,48,40,13,27.22756000000001,2,dry
GR86-012-8,12,157.299,44,45,31,26.732560000000007,1,dry
GR86-012-8,11,155.382,40,50,25,24.815560000000005,1,dry
GR86-012-8,10,154.619,36,55,24,24.05256,1,dry
GR86-012-8,9,0.043,32,60,18,-130.52344,1,dry
GR86-012-8,9,156.612,32,60,13,26.045559999999995,1,dry
GR86-012-8,8,156.083,28,65,11,25.51656,1,dry
GR86-012-8,7,154.573,24,70,7,24.006560000000007,1,dry
GR86-012-8,6,0.045,20,75,23,-130.52144,1,dry
GR86-012-8,6,155.353,20,75,21,24.78656000000001,1,dry
GR86-012-8,5,156.049,16,80,11,25.482560000000007,1,dry
GR86-012-8,4,77.451,12,85,14,-53.11544000000001,1,dry
GR86-012-8,3,244.54,8,90,31,113.97355999999999,1,dry
GR86-012-8,2,221.186,4,95,23,90.61956,1,dry
GR86-012-8,1,205.601,0,100,30,75.03456,1,dry
GR86-013-80,19,258.983,72,10,8,88.37605263157894,2,dry
GR86-013-80,18,153.52,68,15,2,-17.08694736842105,2,dry
GR86-013-80,17,152.673,64,20,1,-17.93394736842106,2,dry
GR86-013-80,16,152.216,60,25,16,-18.390947368421052,2,dry
GR86-013-80,15,157.296,56,30,15,-13.310947368421068,2,dry
GR86-013-80,14,191.601,52,35,29,20.99405263157894,2,dry
GR86-013-80,13,156.577,48,40,24,-14.029947368421062,2,dry
GR86-013-80,12,158.311,44,45,11,-12.295947368421054,1,dry
GR86-013-80,11,153.866,40,50,20,-16.740947368421047,1,dry
GR86-013-80,10,154.489,36,55,22,-16.117947368421056,1,dry
GR86-013-80,9,154.624,32,60,27,-15.982947368421065,1,dry
GR86-013-80,8,165.3,28,65,2,-5.306947368421049,1,dry
GR86-013-80,7,175.687,24,70,26,5.080052631578951,1,dry
GR86-013-80,6,154.0,20,75,27,-16.60694736842106,1,dry
GR86-013-80,5,154.5,16,80,5,-16.10694736842106,1,dry
GR86-013-80,4,155.43,12,85,18,-15.176947368421054,1,dry
GR86-013-80,3,161.876,8,90,22,-8.730947368421056,1,dry
GR86-013-80,2,221.783,4,95,5,51.176052631578926,1,dry
GR86-013-80,1,208.8,0,100,2,38.19305263157895,1,dry
GR86-015-31,15,252.807,56,30,5,62.317764705882354,2,dry
GR86-015-31,14,150.179,52,35,8,-40.31023529411763,2,dry
GR86-015-31,13,150.664,48,40,13,-39.82523529411765,2,dry
GR86-015-31,12,151.149,44,45,30,-39.34023529411763,1,dry
GR86-015-31,11,153.207,40,50,26,-37.28223529411764,1,dry
GR86-015-31,10,154.179,36,55,22,-36.31023529411763,1,dry
GR86-015-31,9,152.88,32,60,22,-37.60923529411764,1,dry
GR86-015-31,8,152.764,28,65,27,-37.725235294117624,1,dry
GR86-015-31,7,162.131,24,70,19,-28.358235294117634,1,dry
GR86-015-31,6,743.025,20,75,23,552.5357647058823,1,dry
GR86-015-31,5,0.044,16,80,9,-190.44523529411762,1,dry
GR86-015-31,5,167.42,16,80,22,-23.069235294117647,1,dry
GR86-015-31,4,244.09,12,85,10,53.60076470588237,1,dry
GR86-015-31,3,161.199,8,90,30,-29.290235294117622,1,dry
GR86-015-31,2,223.678,4,95,23,33.18876470588236,1,dry
GR86-015-31,1,218.901,0,100,30,28.411764705882376,1,dry
GR86-016-55,19,288.061,72,10,14,107.48510526315786,2,dry
GR86-016-55,18,150.53,68,15,12,-30.045894736842115,2,dry
GR86-016-55,17,149.17,64,20,1,-31.40589473684213,2,dry
GR86-016-55,16,149.529,60,25,5,-31.04689473684212,2,dry
GR86-016-55,15,149.682,56,30,25,-30.893894736842128,2,dry
GR86-016-55,14,220.3,52,35,8,39.724105263157895,2,dry
GR86-016-55,13,212.589,48,40,13,32.01310526315788,2,dry
GR86-016-55,12,149.7,44,45,18,-30.875894736842127,1,dry
GR86-016-55,11,148.711,40,50,28,-31.864894736842103,1,dry
GR86-016-55,10,148.656,36,55,18,-31.91989473684211,1,dry
GR86-016-55,9,148.923,32,60,2,-31.652894736842114,1,dry
GR86-016-55,8,149.031,28,65,8,-31.54489473684211,1,dry
GR86-016-55,7,148.989,24,70,19,-31.586894736842112,1,dry
GR86-016-55,6,149.181,20,75,24,-31.394894736842105,1,dry
GR86-016-55,5,150.605,16,80,10,-29.970894736842126,1,dry
GR86-016-55,4,149.678,12,85,14,-30.89789473684212,1,dry
GR86-016-55,3,152.707,8,90,25,-27.868894736842122,1,dry
GR86-016-55,2,223.8,4,95,9,43.224105263157895,1,dry
GR86-016-55,1,391.1,0,100,26,210.5241052631579,1,dry
GR86-021-86,19,252.571,72,10,31,82.53794736842104,2,dry
GR86-021-86,18,154.177,68,15,1,-15.856052631578962,2,dry
GR86-021-86,17,153.914,64,20,12,-16.119052631578967,2,dry
GR86-021-86,16,153.894,60,25,11,-16.13905263157895,2,dry
GR86-021-86,15,155.003,56,30,26,-15.030052631578968,2,dry
GR86-021-86,14,213.714,52,35,14,43.680947368421045,2,dry
GR86-021-86,13,165.478,48,40,31,-4.5550526315789455,2,dry
GR86-021-86,12,157.031,44,45,11,-13.002052631578948,1,dry
GR86-021-86,11,153.689,40,50,12,-16.34405263157896,1,dry
GR86-021-86,10,153.37,36,55,13,-16.66305263157895,1,dry
GR86-021-86,9,154.527,32,60,15,-15.506052631578967,1,dry
GR86-021-86,8,154.888,28,65,15,-15.145052631578949,1,dry
GR86-021-86,7,153.316,24,70,15,-16.71705263157895,1,dry
GR86-021-86,6,155.26,20,75,21,-14.773052631578963,1,dry
GR86-021-86,5,154.72,16,80,25,-15.313052631578955,1,dry
GR86-021-86,4,154.461,12,85,12,-15.572052631578941,1,dry
GR86-021-86,3,162.228,8,90,14,-7.8050526315789455,1,dry
GR86-021-86,2,221.892,4,95,8,51.85894736842104,1,dry
GR86-021-86,1,206.495,0,100,3,36.46194736842105,1,dry
GR86-022-13,19,257.419,72,10,28,109.55973913043476,2,dry
GR86-022-13,18,150.891,68,15,28,3.0317391304347723,2,dry
GR86-022-13,17,150.311,64,20,2,2.451739130434788,2,dry
GR86-022-13,16,149.256,60,25,3,1.3967391304347814,2,dry
GR86-022-13,15,150.0,56,30,28,2.140739130434781,2,dry
GR86-022-13,14,221.022,52,35,26,73.16273913043477,2,dry
GR86-022-13,13,212.801,48,40,21,64.94173913043477,2,dry
GR86-022-13,12,149.2,44,45,30,1.3407391304347698,1,dry
GR86-022-13,11,148.756,40,50,6,0.8967391304347814,1,dry
GR86-022-13,10,0.044,36,55,23,-147.8152608695652,1,dry
GR86-022-13,10,148.712,36,55,8,0.8527391304347702,1,dry
GR86-022-13,9,148.887,32,60,29,1.0277391304347816,1,dry
GR86-022-13,8,148.889,28,65,1,1.0297391304347912,1,dry
GR86-022-13,7,148.8,24,70,20,0.9407391304347925,1,dry
GR86-022-13,6,149.601,20,75,30,1.7417391304347802,1,dry
GR86-022-13,5,150.179,16,80,20,2.319739130434783,1,dry
GR86-022-13,4,149.864,12,85,28,2.0047391304347855,1,dry
GR86-022-13,3,0.046,8,90,25,-147.81326086956523,1,dry
GR86-022-13,3,152.575,8,90,1,4.71573913043477,1,dry
GR86-022-13,2,223.507,4,95,22,75.64773913043479,1,dry
GR86-022-13,1,390.003,0,100,3,242.14373913043477,1,dry
GR86-024-41,19,256.657,72,10,12,116.19952173913043,2,dry
GR86-024-41,18,151.62,68,15,5,11.162521739130455,2,dry
GR86-024-41,17,149.404,64,20,24,8.946521739130446,2,dry
GR86-024-41,16,150.119,60,25,22,9.66152173913045,2,dry
GR86-024-41,15,151.59,56,30,25,11.132521739130453,2,dry
GR86-024-41,14,218.677,52,35,17,78.21952173913044,2,dry
GR86-024-41,13,209.393,48,40,31,68.93552173913045,2,dry
GR86-024-41,12,149.662,44,45,12,9.204521739130456,1,dry
GR86-024-41,11,0.045,40,50,27,-140.41247826086956,1,dry
GR86-024-41,11,149.483,40,50,1,9.025521739130454,1,dry
GR86-024-41,10,149.484,36,55,2,9.026521739130459,1,dry
GR86-024-41,9,149.316,32,60,1,8.858521739130452,1,dry
GR86-024-41,8,149.24,28,65,2,8.782521739130459,1,dry
GR86-024-41,7,0.044,24,70,28,-140.41347826086954,1,dry
GR86-024-41,7,149.908,24,70,16,9.450521739130437,1,dry
GR86-024-41,6,150.397,20,75,31,9.939521739130441,1,dry
GR86-024-41,5,150.398,16,80,4,9.940521739130446,1,dry
GR86-024-41,4,149.975,12,85,21,9.517521739130444,1,dry
GR86-024-41,3,153.548,8,90,4,13.090521739130452,1,dry
GR86-024-41,2,223.252,4,95,9,82.79452173913046,1,dry
GR86-024-41,1,218.31,0,100,21,77.85252173913045,1,dry
GR86-025-47,19,258.443,72,10,31,104.5837619047619,2,dry
GR86-025-47,18,152.012,68,15,24,-1.8472380952380831,2,dry
GR86-025-47,17,150.211,64,20,29,-3.648238095238071,2,dry
GR86-025-47,16,150.714,60,25,16,-3.145238095238085,2,dry
GR86-025-47,15,152.299,56,30,12,-1.560238095238077,2,dry
GR86-025-47,14,217.097,52,35,15,63.237761904761925,2,dry
GR86-025-47,13,204.403,48,40,28,50.54376190476191,2,dry
GR86-025-47,12,0.047,44,45,14,-153.8122380952381,1,dry
GR86-025-47,13,0.044,48,40,27,-153.81523809523807,2,dry
GR86-025-47,12,150.886,44,45,26,-2.973238095238088,1,dry
GR86-025-47,11,149.814,40,50,12,-4.045238095238091,1,dry
GR86-025-47,10,150.89,36,55,3,-2.9692380952380972,1,dry
GR86-025-47,9,150.495,32,60,18,-3.364238095238079,1,dry
GR86-025-47,8,149.675,28,65,30,-4.184238095238072,1,dry
GR86-025-47,7,150.679,24,70,28,-3.1802380952380815,1,dry
GR86-025-47,6,150.246,20,75,20,-3.6132380952380743,1,dry
GR86-025-47,5,149.888,16,80,25,-3.9712380952380784,1,dry
GR86-025-47,4,151.005,12,85,28,-2.854238095238088,1,dry
GR86-025-47,3,154.595,8,90,18,0.7357619047619153,1,dry
GR86-025-47,2,223.277,4,95,22,69.4177619047619,1,dry
GR86-025-47,1,214.324,0,100,8,60.46476190476193,1,dry
GR86-026-72,19,242.84,72,10,17,73.50778947368423,2,dry
GR86-026-72,18,150.379,68,15,11,-18.953210526315786,2,dry
GR86-026-72,17,149.763,64,20,13,-19.56921052631577,2,dry
GR86-026-72,16,149.519,60,25,24,-19.81321052631577,2,dry
GR86-026-72,15,149.87,56,30,6,-19.462210526315772,2,dry
GR86-026-72,14,218.815,52,35,2,49.48278947368422,2,dry
GR86-026-72,13,213.785,48,40,22,44.45278947368422,2,dry
GR86-026-72,12,148.997,44,45,31,-20.335210526315763,1,dry
GR86-026-72,11,149.293,40,50,29,-20.03921052631577,1,dry
GR86-026-72,10,148.685,36,55,17,-20.647210526315774,1,dry
GR86-026-72,9,149.222,32,60,10,-20.110210526315768,1,dry
GR86-026-72,8,148.905,28,65,24,-20.427210526315775,1,dry
GR86-026-72,7,149.178,24,70,10,-20.15421052631578,1,dry
GR86-026-72,6,148.977,20,75,15,-20.355210526315773,1,dry
GR86-026-72,5,150.833,16,80,9,-18.49921052631578,1,dry
GR86-026-72,4,149.8,12,85,6,-19.532210526315765,1,dry
GR86-026-72,3,152.871,8,90,13,-16.461210526315767,1,dry
GR86-026-72,2,223.597,4,95,19,54.26478947368423,1,dry
GR86-026-72,1,221.983,0,100,25,52.65078947368423,1,dry
GR86-028-89,19,274.498,72,10,22,102.76852631578944,2,dry
GR86-028-89,18,154.23,68,15,9,-17.499473684210557,2,dry
GR86-028-89,17,151.278,64,20,10,-20.451473684210555,2,dry
GR86-028-89,16,150.911,60,25,10,-20.818473684210545,2,dry
GR86-028-89,15,150.88,56,30,23,-20.84947368421055,2,dry
GR86-028-89,14,206.1,52,35,30,34.37052631578945,2,dry
GR86-028-89,13,156.091,48,40,11,-15.638473684210538,2,dry
GR86-028-89,12,150.589,44,45,25,-21.140473684210548,1,dry
GR86-028-89,11,150.411,40,50,1,-21.318473684210545,1,dry
GR86-028-89,10,150.778,36,55,17,-20.951473684210555,1,dry
GR86-028-89,9,149.796,32,60,17,-21.933473684210554,1,dry
GR86-028-89,8,149.755,28,65,9,-21.97447368421055,1,dry
GR86-028-89,7,149.816,24,70,4,-21.913473684210544,1,dry
GR86-028-89,6,159.238,20,75,1,-12.491473684210547,1,dry
GR86-028-89,5,212.55,16,80,9,40.820526315789465,1,dry
GR86-028-89,4,149.797,12,85,30,-21.93247368421055,1,dry
GR86-028-89,3,152.688,8,90,10,-19.04147368421056,1,dry
GR86-028-89,2,222.874,4,95,13,51.14452631578945,1,dry
GR86-028-89,1,220.58,0,100,30,48.850526315789466,1,dry
GR86-029-14,19,261.979,72,10,28,91.91984210526314,2,dry
GR86-029-14,18,150.385,68,15,1,-19.67415789473685,2,dry
GR86-029-14,17,150.301,64,20,12,-19.758157894736854,2,dry
GR86-029-14,16,152.411,60,25,1,-17.64815789473684,2,dry
GR86-029-14,15,151.204,56,30,7,-18.855157894736834,2,dry
GR86-029-14,14,215.98,52,35,7,45.92084210526315,2,dry
GR86-029-14,13,193.509,48,40,25,23.449842105263144,2,dry
GR86-029-14,12,151.913,44,45,22,-18.14615789473683,1,dry
GR86-029-14,11,152.39,40,50,27,-17.669157894736855,1,dry
GR86-029-14,10,150.656,36,55,15,-19.403157894736836,1,dry
GR86-029-14,9,151.54,32,60,6,-18.51915789473685,1,dry
GR86-029-14,8,153.816,28,65,11,-16.24315789473684,1,dry
GR86-029-14,7,151.26,24,70,23,-18.79915789473685,1,dry
GR86-029-14,6,151.616,20,75,14,-18.443157894736828,1,dry
GR86-029-14,5,151.301,16,80,28,-18.758157894736854,1,dry
GR86-029-14,4,151.103,12,85,21,-18.956157894736833,1,dry
GR86-029-14,3,155.457,8,90,25,-14.602157894736848,1,dry
GR86-029-14,2,223.128,4,95,5,53.068842105263144,1,dry
GR86-029-14,1,211.175,0,100,8,41.11584210526317,1,dry
GR86-030-18,19,278.528,72,10,1,122.62623809523811,2,dry
GR86-030-18,18,164.38,68,15,16,8.478238095238083,2,dry
GR86-030-18,17,153.407,64,20,23,-2.4947619047619014,2,dry
GR86-030-18,16,154.7,60,25,4,-1.2017619047619235,2,dry
GR86-030-18,15,158.479,56,30,28,2.5772380952381013,2,dry
GR86-030-18,14,207.326,52,35,27,51.42423809523808,2,dry
GR86-030-18,13,157.0,48,40,23,1.098238095238088,2,dry
GR86-030-18,12,158.762,44,45,23,2.8602380952380884,1,dry
GR86-030-18,11,154.709,40,50,19,-1.192761904761909,1,dry
GR86-030-18,10,156.914,36,55,25,1.0122380952380752,1,dry
GR86-030-18,9,156.665,32,60,5,0.76323809523808,1,dry
GR86-030-18,8,155.913,28,65,17,0.011238095238098822,1,dry
GR86-030-18,7,154.844,24,70,3,-1.057761904761918,1,dry
GR86-030-18,6,0.043,20,75,20,-155.8587619047619,1,dry
GR86-030-18,6,156.218,20,75,20,0.3162380952380772,1,dry
GR86-030-18,5,156.406,16,80,12,0.5042380952380938,1,dry
GR86-030-18,4,156.794,12,85,23,0.892238095238099,1,dry
GR86-030-18,3,163.382,8,90,27,7.480238095238093,1,dry
GR86-030-18,2,221.068,4,95,22,65.1662380952381,1,dry
GR86-030-18,1,208.399,0,100,5,52.49723809523809,1,dry
GR86-032-15,7,184.504,24,70,11,-23.20428571428573,1,dry
GR86-032-15,6,152.166,20,75,15,-55.542285714285725,1,dry
GR86-032-15,5,152.122,16,80,11,-55.58628571428571,1,dry
GR86-032-15,4,151.778,12,85,29,-55.93028571428573,1,dry
GR86-032-15,3,163.307,8,90,1,-44.401285714285734,1,dry
GR86-032-15,2,440.661,4,95,26,232.95271428571428,1,dry
GR86-032-15,1,209.42,0,100,27,1.7117142857142653,1,dry
GR86-033-46,19,0.044,72,10,11,-135.34936,2,dry
GR86-033-46,19,235.209,72,10,11,99.81564,2,dry
GR86-033-46,18,149.957,68,15,4,14.563639999999992,2,dry
GR86-033-46,17,149.633,64,20,6,14.239640000000009,2,dry
GR86-033-46,16,149.99,60,25,26,14.596640000000008,2,dry
GR86-033-46,15,149.191,56,30,9,13.797640000000001,2,dry
GR86-033-46,14,221.68,52,35,11,86.28664,2,dry
GR86-033-46,13,213.095,48,40,10,77.70164,2,dry
GR86-033-46,12,148.994,44,45,30,13.600639999999999,1,dry
GR86-033-46,11,148.796,40,50,1,13.402639999999991,1,dry
GR86-033-46,10,148.62,36,55,24,13.226640000000003,1,dry
GR86-033-46,9,148.545,32,60,20,13.151639999999986,1,dry
GR86-033-46,8,149.011,28,65,1,13.617639999999994,1,dry
GR86-033-46,7,148.979,24,70,20,13.585640000000012,1,dry
GR86-033-46,6,0.046,20,75,20,-135.34736,1,dry
GR86-033-46,6,149.032,20,75,18,13.63864000000001,1,dry
GR86-033-46,5,0.043,16,80,11,-135.35036,1,dry
GR86-033-46,5,150.118,16,80,13,14.724639999999994,1,dry
GR86-033-46,4,149.982,12,85,10,14.588639999999998,1,dry
GR86-033-46,3,151.69,8,90,16,16.296639999999996,1,dry
GR86-033-46,2,223.483,4,95,1,88.08964,1,dry
GR86-033-46,1,398.696,0,100,20,263.30264,1,dry
GR86-035-11,12,966.095,44,45,2,734.5583333333334,1,dry
GR86-035-11,11,152.011,40,50,4,-79.52566666666667,1,dry
GR86-035-11,10,153.005,36,55,3,-78.53166666666667,1,dry
GR86-035-11,9,152.451,32,60,19,-79.08566666666667,1,dry
GR86-035-11,8,152.029,28,65,12,-79.50766666666667,1,dry
GR86-035-11,7,152.286,24,70,26,-79.25066666666666,1,dry
GR86-035-11,6,152.32,20,75,18,-79.21666666666667,1,dry
GR86-035-11,5,152.09,16,80,10,-79.44666666666666,1,dry
GR86-035-11,4,152.01,12,85,28,-79.52666666666667,1,dry
GR86-035-11,3,159.019,8,90,28,-72.51766666666666,1,dry
GR86-035-11,2,223.156,4,95,21,-8.380666666666656,1,dry
GR86-035-11,1,211.968,0,100,17,-19.568666666666672,1,dry
GR86-036-98,20,43.279,76,5,15,-105.56495454545455,2,dry
GR86-036-98,19,259.169,72,10,5,110.32504545454543,2,dry
GR86-036-98,18,150.621,68,15,7,1.7770454545454584,2,dry
GR86-036-98,17,149.97,64,20,4,1.126045454545448,2,dry
GR86-036-98,16,151.416,60,25,9,2.572045454545446,2,dry
GR86-036-98,15,150.774,56,30,9,1.93004545454545,2,dry
GR86-036-98,14,216.768,52,35,23,67.92404545454545,2,dry
GR86-036-98,13,204.521,48,40,31,55.677045454545436,2,dry
GR86-036-98,12,150.666,44,45,2,1.8220454545454459,1,dry
GR86-036-98,11,0.044,40,50,29,-148.79995454545454,1,dry
GR86-036-98,11,150.401,40,50,5,1.5570454545454595,1,dry
GR86-036-98,10,150.289,36,55,7,1.4450454545454363,1,dry
GR86-036-98,9,150.31,32,60,15,1.4660454545454513,1,dry
GR86-036-98,8,150.479,28,65,24,1.6350454545454625,1,dry
GR86-036-98,7,150.529,24,70,23,1.6850454545454454,1,dry
GR86-036-98,6,150.241,20,75,10,1.397045454545463,1,dry
GR86-036-98,5,150.225,16,80,1,1.3810454545454434,1,dry
GR86-036-98,4,150.9,12,85,27,2.0560454545454547,1,dry
GR86-036-98,3,155.191,8,90,25,6.3470454545454515,1,dry
GR86-036-98,2,223.304,4,95,17,74.46004545454545,1,dry
GR86-036-98,1,215.47,0,100,4,66.62604545454545,1,dry
GR86-037-03,19,258.79,72,10,10,88.50436842105265,2,dry
GR86-037-03,18,151.279,68,15,9,-19.006631578947378,2,dry
GR86-037-03,17,151.598,64,20,29,-18.68763157894736,2,dry
GR86-037-03,16,152.312,60,25,2,-17.973631578947362,2,dry
GR86-037-03,15,152.01,56,30,30,-18.275631578947383,2,dry
GR86-037-03,14,215.39,52,35,15,45.10436842105261,2,dry
GR86-037-03,13,187.11,48,40,18,16.82436842105264,2,dry
GR86-037-03,12,152.89,44,45,21,-17.395631578947388,1,dry
GR86-037-03,11,151.2,40,50,28,-19.085631578947385,1,dry
GR86-037-03,10,152.757,36,55,17,-17.52863157894737,1,dry
GR86-037-03,9,151.824,32,60,12,-18.46163157894736,1,dry
GR86-037-03,8,151.69,28,65,12,-18.595631578947376,1,dry
GR86-037-03,7,151.529,24,70,9,-18.756631578947378,1,dry
GR86-037-03,6,152.59,20,75,28,-17.69563157894737,1,dry
GR86-037-03,5,152.899,16,80,31,-17.386631578947373,1,dry
GR86-037-03,4,152.359,12,85,27,-17.926631578947365,1,dry
GR86-037-03,3,160.131,8,90,23,-10.154631578947374,1,dry
GR86-037-03,2,222.891,4,95,19,52.60536842105262,1,dry
GR86-037-03,1,214.178,0,100,21,43.89236842105262,1,dry
GR86-038-93,19,265.198,72,10,1,94.53826315789473,2,dry
GR86-038-93,18,151.421,68,15,12,-19.238736842105254,2,dry
GR86-038-93,17,152.766,64,20,28,-17.893736842105255,2,dry
GR86-038-93,16,152.18,60,25,23,-18.47973684210524,2,dry
GR86-038-93,15,151.501,56,30,5,-19.15873684210524,2,dry
GR86-038-93,14,215.989,52,35,7,45.32926315789476,2,dry
GR86-038-93,13,193.921,48,40,24,23.261263157894746,2,dry
GR86-038-93,12,151.579,44,45,29,-19.08073684210524,1,dry
GR86-038-93,11,151.621,40,50,27,-19.038736842105237,1,dry
GR86-038-93,10,151.305,36,55,10,-19.35473684210524,1,dry
GR86-038-93,9,152.294,32,60,17,-18.365736842105235,1,dry
GR86-038-93,8,151.473,28,65,26,-19.186736842105233,1,dry
GR86-038-93,7,151.196,24,70,7,-19.46373684210525,1,dry
GR86-038-93,6,152.413,20,75,12,-18.246736842105236,1,dry
GR86-038-93,5,151.907,16,80,5,-18.752736842105236,1,dry
GR86-038-93,4,151.77,12,85,6,-18.889736842105236,1,dry
GR86-038-93,3,157.12,8,90,6,-13.539736842105242,1,dry
GR86-038-93,2,222.989,4,95,9,52.32926315789476,1,dry
GR86-038-93,1,213.892,0,100,7,43.23226315789475,1,dry
GR86-040-3,19,283.708,72,10,12,111.9475263157895,2,dry
GR86-040-3,18,154.587,68,15,11,-17.173473684210535,2,dry
GR86-040-3,17,152.168,64,20,31,-19.592473684210518,2,dry
GR86-040-3,16,153.952,60,25,29,-17.808473684210526,2,dry
GR86-040-3,15,153.194,56,30,23,-18.566473684210536,2,dry
GR86-040-3,14,214.993,52,35,23,43.23252631578947,2,dry
GR86-040-3,13,175.881,48,40,26,4.120526315789476,2,dry
GR86-040-3,12,152.766,44,45,2,-18.994473684210533,1,dry
GR86-040-3,11,152.414,40,50,4,-19.346473684210537,1,dry
GR86-040-3,10,151.924,36,55,2,-19.836473684210517,1,dry
GR86-040-3,9,153.005,32,60,19,-18.75547368421053,1,dry
GR86-040-3,8,152.601,28,65,13,-19.159473684210525,1,dry
GR86-040-3,7,152.6,24,70,30,-19.16047368421053,1,dry
GR86-040-3,6,153.878,20,75,17,-17.882473684210538,1,dry
GR86-040-3,5,153.601,16,80,26,-18.159473684210525,1,dry
GR86-040-3,4,156.985,12,85,1,-14.77547368421051,1,dry
GR86-040-3,3,161.612,8,90,29,-10.14847368421053,1,dry
GR86-040-3,2,222.776,4,95,10,51.01552631578949,1,dry
GR86-040-3,1,210.804,0,100,7,39.04352631578948,1,dry
GR86-041-73,19,273.795,72,10,19,101.50257894736845,2,dry
GR86-041-73,18,155.431,68,15,1,-16.861421052631556,2,dry
GR86-041-73,17,157.195,64,20,12,-15.097421052631574,2,dry
GR86-041-73,16,170.253,60,25,30,-2.0394210526315817,2,dry
GR86-041-73,15,152.909,56,30,27,-19.383421052631576,2,dry
GR86-041-73,14,215.292,52,35,30,42.999578947368434,2,dry
GR86-041-73,13,177.514,48,40,18,5.221578947368442,2,dry
GR86-041-73,12,153.222,44,45,25,-19.07042105263156,1,dry
GR86-041-73,11,152.091,40,50,3,-20.20142105263156,1,dry
GR86-041-73,10,152.593,36,55,24,-19.69942105263158,1,dry
GR86-041-73,9,153.661,32,60,31,-18.631421052631566,1,dry
GR86-041-73,8,153.424,28,65,1,-18.86842105263156,1,dry
GR86-041-73,7,152.994,24,70,16,-19.298421052631568,1,dry
GR86-041-73,6,154.102,20,75,5,-18.190421052631564,1,dry
GR86-041-73,5,152.605,16,80,3,-19.687421052631578,1,dry
GR86-041-73,4,154.693,12,85,9,-17.599421052631556,1,dry
GR86-041-73,3,160.198,8,90,26,-12.09442105263156,1,dry
GR86-041-73,2,221.204,4,95,17,48.91157894736844,1,dry
GR86-041-73,1,210.38,0,100,11,38.08757894736843,1,dry
GR86-047-21,19,250.282,72,10,20,80.27600000000001,2,dry
GR86-047-21,18,151.909,68,15,11,-18.09700000000001,2,dry
GR86-047-21,17,149.779,64,20,8,-20.227000000000004,2,dry
GR86-047-21,16,150.309,60,25,17,-19.697000000000003,2,dry
GR86-047-21,15,151.283,56,30,24,-18.723000000000013,2,dry
GR86-047-21,14,217.408,52,35,2,47.40199999999999,2,dry
GR86-047-21,13,208.8,48,40,2,38.79400000000001,2,dry
GR86-047-21,12,150.3,44,45,25,-19.70599999999999,1,dry
GR86-047-21,11,149.878,40,50,1,-20.128000000000014,1,dry
GR86-047-21,10,149.713,36,55,7,-20.293000000000006,1,dry
GR86-047-21,9,148.983,32,60,13,-21.022999999999996,1,dry
GR86-047-21,8,148.992,28,65,11,-21.01400000000001,1,dry
GR86-047-21,7,149.514,24,70,16,-20.49199999999999,1,dry
GR86-047-21,6,150.778,20,75,15,-19.22800000000001,1,dry
GR86-047-21,5,150.111,16,80,13,-19.89500000000001,1,dry
GR86-047-21,4,150.59,12,85,21,-19.415999999999997,1,dry
GR86-047-21,3,154.794,8,90,20,-15.211999999999989,1,dry
GR86-047-21,2,223.694,4,95,5,53.68799999999999,1,dry
GR86-047-21,1,222.997,0,100,1,52.991000000000014,1,dry
GR86-049-88,19,259.21,72,10,27,117.50165217391302,2,dry
GR86-049-88,18,151.38,68,15,30,9.671652173913031,2,dry
GR86-049-88,17,149.632,64,20,19,7.923652173913041,2,dry
GR86-049-88,16,151.384,60,25,21,9.675652173913022,2,dry
GR86-049-88,15,151.008,56,30,16,9.299652173913046,2,dry
GR86-049-88,14,215.976,52,35,4,74.26765217391304,2,dry
GR86-049-88,13,193.586,48,40,11,51.87765217391305,2,dry
GR86-049-88,12,151.826,44,45,9,10.11765217391303,1,dry
GR86-049-88,11,152.587,40,50,5,10.878652173913025,1,dry
GR86-049-88,10,150.193,36,55,29,8.484652173913048,1,dry
GR86-049-88,9,152.195,32,60,30,10.48665217391303,1,dry
GR86-049-88,8,152.581,28,65,24,10.872652173913025,1,dry
GR86-049-88,7,150.413,24,70,9,8.704652173913047,1,dry
GR86-049-88,6,150.22,20,75,13,8.511652173913035,1,dry
GR86-049-88,5,150.575,16,80,28,8.866652173913025,1,dry
GR86-049-88,4,151.012,12,85,1,9.303652173913036,1,dry
GR86-049-88,3,159.936,8,90,11,18.227652173913043,1,dry
GR86-049-88,2,0.044,4,95,28,-141.66434782608695,1,dry
GR86-049-88,2,223.594,4,95,26,81.88565217391303,1,dry
GR86-049-88,1,213.971,0,100,7,72.26265217391304,1,dry
GR86-049-88,0,27.969,-4,105,1,-113.73934782608697,1,dry
GR86-051-71,5,257.665,16,80,14,82.84511111111112,1,dry
GR86-051-71,4,34.316,12,85,29,-140.5038888888889,1,dry
GR86-051-71,3,265.906,8,90,22,91.08611111111111,1,dry
GR86-051-71,2,150.59,4,95,4,-24.229888888888894,1,dry
GR86-051-71,1,150.53,0,100,6,-24.289888888888896,1,dry
GR86-051-71,13,139.071,48,40,31,-35.7488888888889,2,dry
GR86-051-71,12,151.939,44,45,1,-22.880888888888904,1,dry
GR86-051-71,11,213.831,40,50,6,39.01111111111109,1,dry
GR86-051-71,10,149.544,36,55,12,-25.275888888888886,1,dry
GR86-051-71,9,149.6,32,60,21,-25.219888888888903,1,dry
GR86-051-71,8,149.977,28,65,4,-24.842888888888893,1,dry
GR86-051-71,7,151.214,24,70,22,-23.6058888888889,1,dry
GR86-051-71,6,150.875,20,75,23,-23.944888888888897,1,dry
GR86-051-71,5,150.424,16,80,10,-24.39588888888889,1,dry
GR86-051-71,4,150.68,12,85,31,-24.13988888888889,1,dry
GR86-051-71,3,150.014,8,90,26,-24.805888888888887,1,dry
GR86-051-71,2,156.9,4,95,31,-17.91988888888889,1,dry
GR86-051-71,1,423.682,0,100,16,248.86211111111112,1,dry
GR86-057-57,19,278.124,72,10,30,106.51763157894737,2,dry
GR86-057-57,18,154.997,68,15,21,-16.609368421052636,2,dry
GR86-057-57,17,153.715,64,20,4,-17.891368421052647,2,dry
GR86-057-57,16,157.685,60,25,1,-13.921368421052648,2,dry
GR86-057-57,15,155.004,56,30,7,-16.60236842105266,2,dry
GR86-057-57,14,212.195,52,35,14,40.58863157894734,2,dry
GR86-057-57,13,162.1,48,40,6,-9.506368421052656,2,dry
GR86-057-57,12,158.373,44,45,16,-13.23336842105266,1,dry
GR86-057-57,11,154.093,40,50,10,-17.51336842105266,1,dry
GR86-057-57,10,154.125,36,55,24,-17.48136842105265,1,dry
GR86-057-57,9,153.6,32,60,29,-18.006368421052656,1,dry
GR86-057-57,8,154.582,28,65,4,-17.024368421052657,1,dry
GR86-057-57,7,155.508,24,70,30,-16.09836842105264,1,dry
GR86-057-57,6,153.98,20,75,30,-17.62636842105266,1,dry
GR86-057-57,5,155.304,16,80,30,-16.30236842105265,1,dry
GR86-057-57,4,156.416,12,85,13,-15.190368421052654,1,dry
GR86-057-57,3,162.597,8,90,31,-9.009368421052642,1,dry
GR86-057-57,2,221.1,4,95,11,49.493631578947344,1,dry
GR86-057-57,1,207.023,0,100,21,35.416631578947346,1,dry
GR86-061-51,14,499.075,52,35,1,309.9574285714285,2,dry
GR86-061-51,13,169.321,48,40,23,-19.79657142857144,2,dry
GR86-061-51,12,155.375,44,45,8,-33.74257142857144,1,dry
GR86-061-51,11,154.217,40,50,30,-34.900571428571425,1,dry
GR86-061-51,10,153.979,36,55,12,-35.138571428571424,1,dry
GR86-061-51,9,153.604,32,60,10,-35.513571428571424,1,dry
GR86-061-51,8,154.684,28,65,5,-34.43357142857144,1,dry
GR86-061-51,7,153.891,24,70,8,-35.22657142857145,1,dry
GR86-061-51,6,153.714,20,75,22,-35.40357142857144,1,dry
GR86-061-51,5,154.2,16,80,8,-34.91757142857145,1,dry
GR86-061-51,4,155.187,12,85,30,-33.930571428571426,1,dry
GR86-061-51,3,160.025,8,90,3,-29.092571428571432,1,dry
GR86-061-51,2,224.264,4,95,16,35.14642857142857,1,dry
GR86-061-51,1,206.11,0,100,7,16.992428571428576,1,dry
GR86-063-113,19,328.357,72,10,10,152.61421052631582,2,dry
GR86-063-113,18,152.19,68,15,13,-23.552789473684214,2,dry
GR86-063-113,17,161.197,64,20,19,-14.54578947368421,2,dry
GR86-063-113,16,172.788,60,25,18,-2.954789473684201,2,dry
GR86-063-113,15,152.895,56,30,31,-22.8477894736842,2,dry
GR86-063-113,14,216.59,52,35,17,40.84721052631579,2,dry
GR86-063-113,13,203.771,48,40,27,28.028210526315775,2,dry
GR86-063-113,12,149.999,44,45,27,-25.743789473684217,1,dry
GR86-063-113,11,149.949,40,50,28,-25.7937894736842,1,dry
GR86-063-113,10,149.84,36,55,31,-25.90278947368421,1,dry
GR86-063-113,9,150.129,32,60,25,-25.61378947368422,1,dry
GR86-063-113,8,150.502,28,65,21,-25.240789473684202,1,dry
GR86-063-113,7,150.51,24,70,11,-25.23278947368422,1,dry
GR86-063-113,6,151.2,20,75,31,-24.542789473684223,1,dry
GR86-063-113,5,150.459,16,80,4,-25.28378947368421,1,dry
GR86-063-113,4,151.137,12,85,8,-24.60578947368421,1,dry
GR86-063-113,3,156.191,8,90,15,-19.55178947368421,1,dry
GR86-063-113,2,223.601,4,95,6,47.85821052631579,1,dry
GR86-063-113,1,217.808,0,100,17,42.06521052631578,1,dry
GR86-065-5,19,265.262,72,10,28,135.40724,2,dry
GR86-065-5,18,151.835,68,15,23,21.98024000000001,2,dry
GR86-065-5,17,153.706,64,20,11,23.85123999999999,2,dry
GR86-065-5,16,152.453,60,25,26,22.598240000000004,2,dry
GR86-065-5,15,151.917,56,30,7,22.062240000000003,2,dry
GR86-065-5,14,215.856,52,35,16,86.00124,2,dry
GR86-065-5,13,0.044,48,40,4,-129.81076,2,dry
GR86-065-5,13,193.796,48,40,19,63.94123999999999,2,dry
GR86-065-5,12,151.532,44,45,30,21.677240000000012,1,dry
GR86-065-5,12,0.087,44,45,31,-129.76776,1,dry
GR86-065-5,11,152.039,40,50,18,22.18423999999999,1,dry
GR86-065-5,10,0.044,36,55,29,-129.81076,1,dry
GR86-065-5,10,150.891,36,55,23,21.036239999999992,1,dry
GR86-065-5,9,152.592,32,60,8,22.737240000000014,1,dry
GR86-065-5,8,154.184,28,65,29,24.32924,1,dry
GR86-065-5,7,151.253,24,70,6,21.398239999999987,1,dry
GR86-065-5,6,152.49,20,75,17,22.63524000000001,1,dry
GR86-065-5,5,151.076,16,80,15,21.221239999999995,1,dry
GR86-065-5,4,151.131,12,85,2,21.27624,1,dry
GR86-065-5,3,154.84,8,90,13,24.985240000000005,1,dry
GR86-065-5,2,223.529,4,95,23,93.67424,1,dry
GR86-065-5,1,215.812,0,100,2,85.95724000000001,1,dry
